ID,name,last_name
1,name1,last_name1
2,name2,last_name2
3,name3,last_name3
4,name4,last_name4
5,name5,last_name5
6,name6,last_name6
7,name7,last_name7
8,name8,last_name8
9,name9,last_name
10,name10,last_name10
11,name11,last_name11
12,name12,last_name12
13,name13,last_name13
14,name14,last_name14
15,name15,last_name15
16,name16,last_name16
17,name17,last_name17
18,name18,last_name18
19,name19,last_name19
20,name20,last_name20
21,name21,last_name21
22,name22,last_name22
23,name23,last_name23
24,name24,last_name24
25,name25,last_name25
26,name26,last_name26
27,name27,last_name27
28,name28,last_name28
29,name29,last_name29
30,name30,last_name30
